Workbook

Sheet Table
A1: country | B1: continent | C1: population | D1: Year | E1: Cases | F1: Recovered | G1: Deaths | H1: Active | I1: Vaccinated | J1: Recovery % | K1: Death % | L1: Vaccination % | M1: Tests | N1: Rank by cases
A2: Afghanistan | B2: Asia | C2: 40754388 | D2: 2021 | E2: 234174 | F2: 211080 | G2: 7996 | H2: 15098 | I2: 25520706 | J2: 90.14 | K2: 3.41 | L2: 62.62 | M2: 1390730 | N2: =IF(E2>=100000000,"1st",IF(E2>=10000000,"2nd",IF(E2>=50000,"3rd",IF(E2>=5000,"4th",IF(E2<=5000,"5th"))))) -> 3rd
A3: Africa | B3: Africa | C3: 5797805 | D3: 2023 | E3: 12860924 | F3: 12090808 | G3: 258892 | H3: 511224 | I3: 5797805 | J3: 94.01 | K3: 2.01 | L3: 100 | M3: 2226216 | N3: =IF(E3>=100000000,"1st",IF(E3>=10000000,"2nd",IF(E3>=50000,"3rd",IF(E3>=5000,"4th",IF(E3<=5000,"5th"))))) -> 2nd
A4: Albania | B4: Europe | C4: 2866374 | D4: 2020 | E4: 334863 | F4: 330233 | G4: 3605 | H4: 1025 | I4: 1400822 | J4: 98.62 | K4: 1.08 | L4: 48.87 | M4: 1941032 | N4: =IF(E4>=100000000,"1st",IF(E4>=10000000,"2nd",IF(E4>=50000,"3rd",IF(E4>=5000,"4th",IF(E4<=5000,"5th"))))) -> 3rd
A5: Algeria | B5: Africa | C5: 45350148 | D5: 2023 | E5: 272010 | F5: 183061 | G5: 6881 | H5: 82068 | I5: 29017896 | J5: 67.3 | K5: 2.53 | L5: 63.99 | M5: 230960 | N5: =IF(E5>=100000000,"1st",IF(E5>=10000000,"2nd",IF(E5>=50000,"3rd",IF(E5>=5000,"4th",IF(E5<=5000,"5th"))))) -> 3rd | P5: Total no of countrie | R5: =COUNTA(A2:A239) -> 237
A6: Andorra | B6: Europe | C6: 77463 | D6: 2023 | E6: 48015 | F6: 235145.5 | G6: 165 | H6: 0 | I6: 58720 | J6: 489.73 | K6: 0.34 | L6: 75.8 | M6: 249838 | N6: =IF(E6>=100000000,"1st",IF(E6>=10000000,"2nd",IF(E6>=50000,"3rd",IF(E6>=5000,"4th",IF(E6<=5000,"5th"))))) -> 4th | R6: \
A7: Angola | B7: Africa | C7: 35027343 | D7: 2023 | E7: 107327 | F7: 103419 | G7: 1937 | H7: 1971 | I7: 30386555 | J7: 96.36 | K7: 1.8 | L7: 86.75 | M7: 1499795 | N7: =IF(E7>=100000000,"1st",IF(E7>=10000000,"2nd",IF(E7>=50000,"3rd",IF(E7>=5000,"4th",IF(E7<=5000,"5th"))))) -> 3rd | P7: Total no of death | R7: =SUM(G:G) -> 14034197
A8: Anguilla | B8: North-America | C8: 15230 | D8: 2020 | E8: 3904 | F8: 235145.5 | G8: 12 | H8: 0 | I8: 9247 | J8: 6023.19 | K8: 0.31 | L8: 60.72 | M8: 51382 | N8: =IF(E8>=100000000,"1st",IF(E8>=10000000,"2nd",IF(E8>=50000,"3rd",IF(E8>=5000,"4th",IF(E8<=5000,"5th"))))) -> 5th
A9: Antigua-and-Barbuda | B9: North-America | C9: 99509 | D9: 2020 | E9: 9106 | F9: 8954 | G9: 146 | H9: 6 | I9: 47113 | J9: 98.33 | K9: 1.6 | L9: 47.35 | M9: 18901 | N9: =IF(E9>=100000000,"1st",IF(E9>=10000000,"2nd",IF(E9>=50000,"3rd",IF(E9>=5000,"4th",IF(E9<=5000,"5th"))))) -> 4th | P9: Total no of Recovered | R9: =SUM(F:F) -> 1247473755
A10: Argentina | B10: South-America | C10: 46010234 | D10: 2020 | E10: 10128845 | F10: 9997258 | G10: 130841 | H10: 746 | I10: 28727564 | J10: 98.7 | K10: 1.29 | L10: 62.44 | M10: 35716069 | N10: =IF(E10>=100000000,"1st",IF(E10>=10000000,"2nd",IF(E10>=50000,"3rd",IF(E10>=5000,"4th",IF(E10<=5000,"5th"))))) -> 2nd
A11: Armenia | B11: Asia | C11: 2971966 | D11: 2020 | E11: 451831 | F11: 435162 | G11: 8777 | H11: 7892 | I11: 2009941 | J11: 96.31 | K11: 1.94 | L11: 67.63 | M11: 3242901 | N11: =IF(E11>=100000000,"1st",IF(E11>=10000000,"2nd",IF(E11>=50000,"3rd",IF(E11>=5000,"4th",IF(E11<=5000,"5th"))))) -> 3rd | P11: Total no of Cases | R11: =SUM(E:E) -> 1409507059
A12: Aruba | B12: North-America | C12: 107609 | D12: 2021 | E12: 44224 | F12: 42438 | G12: 292 | H12: 1494 | I12: 76311 | J12: 95.96 | K12: 0.66 | L12: 70.92 | M12: 177885 | N12: =IF(E12>=100000000,"1st",IF(E12>=10000000,"2nd",IF(E12>=50000,"3rd",IF(E12>=5000,"4th",IF(E12<=5000,"5th"))))) -> 4th
A13: Asia | B13: Asia | C13: 5797805 | D13: 2020 | E13: 221500265 | F13: 205673091 | G13: 1553662 | H13: 14273512 | I13: 5797805 | J13: 92.85 | K13: 0.7 | L13: 100 | M13: 2226216 | N13: =IF(E13>=100000000,"1st",IF(E13>=10000000,"2nd",IF(E13>=50000,"3rd",IF(E13>=5000,"4th",IF(E13<=5000,"5th"))))) -> 1st | P13: Total no of Active | R13: =SUM(H:H) -> 152593636
A14: Australia | B14: Oceania | C14: 26068792 | D14: 2020 | E14: 11853144 | F14: 11820014 | G14: 24414 | H14: 8716 | I14: 22875672 | J14: 99.72 | K14: 0.21 | L14: 87.75 | M14: 81916639 | N14: =IF(E14>=100000000,"1st",IF(E14>=10000000,"2nd",IF(E14>=50000,"3rd",IF(E14>=5000,"4th",IF(E14<=5000,"5th"))))) -> 2nd
A15: Austria | B15: Europe | C15: 9066710 | D15: 2022 | E15: 6081287 | F15: 6054934 | G15: 22542 | H15: 3811 | I15: 8527128 | J15: 99.57 | K15: 0.37 | L15: 94.05 | M15: 211273524 | N15: =IF(E15>=100000000,"1st",IF(E15>=10000000,"2nd",IF(E15>=50000,"3rd",IF(E15>=5000,"4th",IF(E15<=5000,"5th"))))) -> 3rd | P15: Total no of Vaccinated | R15: =SUM(I:I) -> 5585178620
A16: Azerbaijan | B16: Asia | C16: 10300205 | D16: 2022 | E16: 835234 | F16: 824089 | G16: 10400 | H16: 745 | I16: 6480020 | J16: 98.67 | K16: 1.25 | L16: 62.91 | M16: 7748050 | N16: =IF(E16>=100000000,"1st",IF(E16>=10000000,"2nd",IF(E16>=50000,"3rd",IF(E16>=5000,"4th",IF(E16<=5000,"5th"))))) -> 3rd
A17: Bahamas | B17: North-America | C17: 400516 | D17: 2023 | E17: 38084 | F17: 36366 | G17: 844 | H17: 874 | I17: 229910 | J17: 95.49 | K17: 2.22 | L17: 57.4 | M17: 257839 | N17: =IF(E17>=100000000,"1st",IF(E17>=10000000,"2nd",IF(E17>=50000,"3rd",IF(E17>=5000,"4th",IF(E17<=5000,"5th"))))) -> 4th | P17: Total no of Tests taken | R17: =SUM(M:M) -> 7079934497
A18: Bahrain | B18: Asia | C18: 1783983 | D18: 2020 | E18: 729549 | F18: 727915 | G18: 1574 | H18: 60 | I18: 1032501 | J18: 99.78 | K18: 0.22 | L18: 57.88 | M18: 10948549 | N18: =IF(E18>=100000000,"1st",IF(E18>=10000000,"2nd",IF(E18>=50000,"3rd",IF(E18>=5000,"4th",IF(E18<=5000,"5th"))))) -> 3rd
A19: Bangladesh | B19: Asia | C19: 167885689 | D19: 2023 | E19: 2049377 | F19: 235145.5 | G19: 29493 | H19: 1784738 | I19: 144559529 | J19: 11.47 | K19: 1.44 | L19: 86.11 | M19: 15254399 | N19: =IF(E19>=100000000,"1st",IF(E19>=10000000,"2nd",IF(E19>=50000,"3rd",IF(E19>=5000,"4th",IF(E19<=5000,"5th"))))) -> 3rd | P19: TOTAL NO OF CONTINENT
A20: Barbados | B20: North-America | C20: 288023 | D20: 2020 | E20: 110578 | F20: 108647 | G20: 648 | H20: 1283 | I20: 208076 | J20: 98.25 | K20: 0.59 | L20: 72.24 | M20: 814159 | N20: =IF(E20>=100000000,"1st",IF(E20>=10000000,"2nd",IF(E20>=50000,"3rd",IF(E20>=5000,"4th",IF(E20<=5000,"5th"))))) -> 3rd
A21: Belarus | B21: Europe | C21: 9432800 | D21: 2023 | E21: 994037 | F21: 985592 | G21: 7118 | H21: 1327 | I21: 6772062 | J21: 99.15 | K21: 0.72 | L21: 71.79 | M21: 13646641 | N21: =IF(E21>=100000000,"1st",IF(E21>=10000000,"2nd",IF(E21>=50000,"3rd",IF(E21>=5000,"4th",IF(E21<=5000,"5th"))))) -> 3rd
A22: Belgium | B22: Europe | C22: 11668278 | D22: 2020 | E22: 4861695 | F22: 4826798 | G22: 34376 | H22: 521 | I22: 7235473 | J22: 99.28 | K22: 0.71 | L22: 62.01 | M22: 37454182 | N22: =IF(E22>=100000000,"1st",IF(E22>=10000000,"2nd",IF(E22>=50000,"3rd",IF(E22>=5000,"4th",IF(E22<=5000,"5th"))))) -> 3rd
A23: Belize | B23: North-America | C23: 412190 | D23: 2021 | E23: 71409 | F23: 235145.5 | G23: 688 | H23: 0 | I23: 332348 | J23: 329.29 | K23: 0.96 | L23: 80.63 | M23: 576016 | N23: =IF(E23>=100000000,"1st",IF(E23>=10000000,"2nd",IF(E23>=50000,"3rd",IF(E23>=5000,"4th",IF(E23<=5000,"5th"))))) -> 3rd
A24: Benin | B24: Africa | C24: 12784726 | D24: 2020 | E24: 28036 | F24: 27847 | G24: 163 | H24: 26 | I24: 9358025 | J24: 99.33 | K24: 0.58 | L24: 73.2 | M24: 604310 | N24: =IF(E24>=100000000,"1st",IF(E24>=10000000,"2nd",IF(E24>=50000,"3rd",IF(E24>=5000,"4th",IF(E24<=5000,"5th"))))) -> 4th
A25: Bermuda | B25: North-America | C25: 61939 | D25: 2021 | E25: 18860 | F25: 18685 | G25: 165 | H25: 10 | I25: 39172 | J25: 99.07 | K25: 0.87 | L25: 63.24 | M25: 1029558 | N25: =IF(E25>=100000000,"1st",IF(E25>=10000000,"2nd",IF(E25>=50000,"3rd",IF(E25>=5000,"4th",IF(E25<=5000,"5th"))))) -> 4th
A26: Bhutan | B26: Asia | C26: 787941 | D26: 2022 | E26: 62697 | F26: 61564 | G26: 21 | H26: 1112 | I26: 684593 | J26: 98.19 | K26: 0.03 | L26: 86.88 | M26: 2303734 | N26: =IF(E26>=100000000,"1st",IF(E26>=10000000,"2nd",IF(E26>=50000,"3rd",IF(E26>=5000,"4th",IF(E26<=5000,"5th"))))) -> 3rd
A27: Bolivia | B27: South-America | C27: 11992656 | D27: 2021 | E27: 1212131 | F27: 1177145 | G27: 22407 | H27: 12579 | I27: 6928200 | J27: 97.11 | K27: 1.85 | L27: 57.77 | M27: 2710261 | N27: =IF(E27>=100000000,"1st",IF(E27>=10000000,"2nd",IF(E27>=50000,"3rd",IF(E27>=5000,"4th",IF(E27<=5000,"5th"))))) -> 3rd
A28: Bosnia-and-Herzegovina | B28: Europe | C28: 3249317 | D28: 2022 | E28: 403615 | F28: 379084 | G28: 16388 | H28: 8143 | I28: 1810360 | J28: 93.92 | K28: 4.06 | L28: 55.72 | M28: 1884721 | N28: =IF(E28>=100000000,"1st",IF(E28>=10000000,"2nd",IF(E28>=50000,"3rd",IF(E28>=5000,"4th",IF(E28<=5000,"5th"))))) -> 3rd
A29: Botswana | B29: Africa | C29: 2441162 | D29: 2023 | E29: 330638 | F29: 327049 | G29: 2801 | H29: 788 | I29: 1647016 | J29: 98.91 | K29: 0.85 | L29: 67.47 | M29: 2026898 | N29: =IF(E29>=100000000,"1st",IF(E29>=10000000,"2nd",IF(E29>=50000,"3rd",IF(E29>=5000,"4th",IF(E29<=5000,"5th"))))) -> 3rd
A30: Brazil | B30: South-America | C30: 215353593 | D30: 2021 | E30: 38743918 | F30: 36249161 | G30: 711380 | H30: 1783377 | I30: 140304144 | J30: 93.56 | K30: 1.84 | L30: 65.15 | M30: 63776166 | N30: =IF(E30>=100000000,"1st",IF(E30>=10000000,"2nd",IF(E30>=50000,"3rd",IF(E30>=5000,"4th",IF(E30<=5000,"5th"))))) -> 2nd
A31: British-Virgin-Islands | B31: North-America | C31: 30596 | D31: 2022 | E31: 7392 | F31: 235145.5 | G31: 64 | H31: 0 | I31: 19032 | J31: 3181.08 | K31: 0.87 | L31: 62.2 | M31: 107339 | N31: =IF(E31>=100000000,"1st",IF(E31>=10000000,"2nd",IF(E31>=50000,"3rd",IF(E31>=5000,"4th",IF(E31<=5000,"5th"))))) -> 4th
... A238: Zimbabwe | B238: Africa | C238: 15331428 | D238: 2022 | E238: 266359 | F238: 258888 | G238: 5740 | H238: 1731 | I238: 10105765 | J238: 97.2 | K238: 2.15 | L238: 65.92 | M238: 2525756 | N238: =IF(E238>=100000000,"1st",IF(E238>=10000000,"2nd",IF(E238>=50000,"3rd",IF(E238>=5000,"4th",IF(E238<=5000,"5th"))))) -> 3rd

Sheet Sheet3
A1: COUNTRIS
A2: Africa | B2: =COUNTIF(Table!B:B,"Africa") -> 61 | C2: =COUNTIF(Table!$B:$B,A2) -> 61
A3: Asia | B3: =COUNTIF(Table!B:B,"Asia") -> 51 | C3: =COUNTIF(Table!$B:$B,A3) -> 51
A4: Australia | B4: =COUNTIF(Table!B:B,"Australia") -> 0 | C4: =COUNTIF(Table!$B:$B,A4) -> 0
A5: Europe | C5: =COUNTIF(Table!B:B,A5) -> 49
A6: North America | C6: =COUNTIF(Table!B:B,A6) -> 0
A7: South America | C7: =COUNTIF(Table!$B:$B,A7) -> 0
A8: Oceania

Sheet Pivot
A2: Row Labels | B2: Sum of Cases | D2: Row Labels | E2: Sum of Recovered | G2: Row Labels | H2: Count of country
A3: Africa | B3: 25722569 | D3: 2020 | E3: 893098109 | G3: Africa | H3: 61
A4: Asia | B4: 443000530 | D4: 2021 | E4: 79687140 | G4: Asia | H4: 51
A5: Europe | B5: 506812396 | D5: 2022 | E5: 166354055 | G5: Europe | H5: 49
A6: North-America | B6: 263778264 | D6: 2023 | E6: 108334451 | G6: North-America | H6: 40
A7: Oceania | B7: 29791542 | D7: Grand Total | E7: 1247473755 | G7: Oceania | H7: 21
A8: South-America | B8: 140401758 | G8: South-America | H8: 15
A9: Grand Total | B9: 1409507059 | G9: Grand Total | H9: 237
D11: Row Labels | E11: Sum of population | G11: Row Labels | H11: Sum of Death %
A12: Row Labels | B12: Sum of Deaths | D12: Africa | E12: 1424122159 | G12: Afghanistan | H12: 3.41
A13: 2020 | B13: 9420794 | D13: Asia | E13: 4717154588 | G13: Africa | H13: 2.01
A14: 2021 | B14: 1767848 | D14: Europe | E14: 753341642 | G14: Albania | H14: 1.08
A15: 2022 | B15: 1596815 | D15: North-America | E15: 603938721 | G15: Algeria | H15: 2.53
A16: 2023 | B16: 1248740 | D16: Oceania | E16: 49268213 | G16: Andorra | H16: 0.34
A17: Grand Total | B17: 14034197 | D17: South-America | E17: 443492248 | G17: Angola | H17: 1.8
D18: Grand Total | E18: 7991317571 | G18: Anguilla | H18: 0.31
A19: Row Labels | B19: Average of Vaccination % | G19: Antigua-and-Barbuda | H19: 1.6
A20: 1st | B20: 98.715 | D20: Row Labels | E20: Sum of Active | F20: Sum of Death % | G20: Argentina | H20: 1.29
A21: 2nd | B21: 74.733889 | D21: Africa | E21: 3015423 | F21: 255.2 | G21: Armenia | H21: 1.94
A22: 3rd | B22: 69.985778 | D22: Asia | E22: 123126420 | F22: 68.7 | G22: Aruba | H22: 0.66
A23: 4th | B23: 71.041493 | D23: Europe | E23: 16492663 | F23: 8906.84 | G23: Asia | H23: 0.7
A24: 5th | B24: 70.410769 | D24: North-America | E24: 5083442 | F24: 43.35 | G24: Australia | H24: 0.21
A25: (blank) | D25: Oceania | E25: 143999 | F25: 3462.19 | G25: Austria | H25: 0.37
A26: Grand Total | B26: 71.153038 | D26: South-America | E26: 4731689 | F26: 159.85 | G26: Azerbaijan | H26: 1.25
D27: Grand Total | E27: 152593636 | F27: 12896.13 | G27: Bahamas | H27: 2.22
G28: Bahrain | H28: 0.22
G29: Bangladesh | H29: 1.44
G30: Barbados | H30: 0.59
G31: Belarus | H31: 0.72
G32: Belgium | H32: 0.71
G33: Belize | H33: 0.96
G34: Benin | H34: 0.58
G35: Bermuda | H35: 0.87
G36: Bhutan | H36: 0.03
G37: Bolivia | H37: 1.85
G38: Bosnia-and-Herzegovina | H38: 4.06
G39: Botswana | H39: 0.85
... G249: Grand Total | H249: 12896.13

Sheet Dashboard
E3: COVID - 19 ANALYSIS
C10: NO.OF.CASES | F10: NO.OF ACTIVE | I10: NO.OF VACCINATED | L10: NO.OF RECOVERED
C11: =SUM(Table!E:E) -> 1409507059 | F11: =SUM(Table!H:H) -> 152593636 | I11: =SUM(Table!I:I) -> 5585178620 | L11: =SUM(Table!F:F) -> 1247473755
C17: NO.OF DEATH | F17: NO.OF TEST TAKEN | I17: NO.OF COUNTRIES
C18: =SUM(Table!G:G) -> 14034197 | F18: =SUM(Table!M:M) -> 7079934497 | I18: =COUNTA(Table!A:A) -> 238

Sheet Dashboard 2
